Coarse wool Price,Copra Price,Cotton Price,Fine wool Price,Hard log Price,Hard sawnwood Price,Hide Price,Plywood Price,Rubber Price,Softlog Price,Soft sawnwood Price,Wood pulp Price
0.2936855338291201,0.0511278195488721,0.6842105263157895,0.8363981141594614,0.1248677521740252,0.1712996804578016,0.8864304898324594,0.092879777222969,0.1040462427745664,0.0718247759920352,0.0703436389098351,0.767996017099006
0.2595307695802977,0.0345864661654135,0.695906432748538,0.8322054244011066,0.1410987536448791,0.1513961696706418,0.8717227266913927,0.1037785673132322,0.1069364161849711,0.0347034561228844,0.1244748464935904,0.7121667324760941
0.2595307695802977,0.0240601503759398,0.5672514619883041,0.9285677006315132,0.1363765385905607,0.1548630980973663,0.8095664407213199,0.0704580372575379,0.1127167630057803,0.073602616981937,0.1150490143272649,0.746347576782434
0.2500492252699817,0.0210526315789473,0.5672514619883041,0.9034289591343226,0.134312182282662,0.1553434556504667,0.7554674510807008,0.119238525062416,0.1184971098265896,0.0741715260987057,0.0681353010880103,0.7341241909732356
0.2234827257167956,0.0240601503759398,0.5672514619883041,0.8426784502705242,0.1457435553376512,0.1918715147971011,0.7162041181736796,0.1777895141156136,0.1184971098265896,0.0139382733608306,0.1079392437789507,0.7269824374667376
0.1323932568953243,0.081203007518797,0.5847953216374269,0.8196447521789809,0.1180295719041106,0.2045905473987594,0.694078526665814,0.0972008834261571,0.1184971098265896,0.0792917081496231,0.1061079392437788,0.6684578276021906
0.1229117125850082,0.0827067669172932,0.6023391812865498,0.7882256745707277,0.0976698578174592,0.1792569077504646,0.7195293515794857,0.0670011522949875,0.1127167630057803,0.0,0.0607562210492297,0.6133839207540043
0.1096284628084152,0.0766917293233082,0.6023391812865498,0.8175571058262731,0.0926637937708048,0.1747666088845262,0.6784755083770303,0.0648405991933935,0.1098265895953757,0.0482861612857346,0.0,0.580009957252485
0.1153234478893719,0.0661654135338345,0.6140350877192984,0.310624380229989,0.1126364410497252,0.1653891940435663,0.6050645862642282,0.0875024006145573,0.1040462427745664,0.0527663205802872,0.181676182268663,0.554189771498223
0.1229117125850082,0.081203007518797,0.608187134502924,0.2938710182495085,0.0755812453229427,0.1623817380589378,0.6140171377413991,0.0700499327827924,0.0982658959537572,0.0250320011378183,0.1318539265323709,0.4658449072087074
0.1798312709207397,0.0631578947368421,0.5906432748538013,0.310624380229989,0.1091786442339948,0.1714041060128234,0.7399923263844481,0.0794363357019396,0.0953757225433526,0.0491395249608875,0.1206506517289669,0.3991828185891602
0.189009890492707,0.0661654135338345,0.5847953216374269,0.5280527478645117,0.1051789538874409,0.2012906998600697,0.7690241718889883,0.0734347993086229,0.0953757225433526,0.0295121604323709,0.1312614456533448,0.3906161479167024
0.1416324614149614,0.0947368421052631,0.5614035087719299,0.6263634940241123,0.1725543828864862,0.1397840479522148,0.7431896661977235,0.0624399846360668,0.1011560693641618,0.0150049779547717,0.2249811483356673,0.351027485450394
0.1369068354967208,0.1819548872180451,0.5146198830409356,0.5323672169934414,0.1923463989884654,0.1397840479522148,0.7075073538815705,0.0736268484732091,0.0953757225433526,0.0492106386004835,0.1682107077453408,0.3389414410547819
0.1365130333368674,0.1759398496240601,0.4678362573099416,0.457838242201771,0.1994426237968673,0.2926212902821579,0.6257833482542524,0.0680574227002113,0.0953757225433526,0.0435926610723937,0.1372401163416998,0.3234905320263008
0.1012828862669069,0.1714285714285714,0.4269005847953217,0.3409474435030706,0.1997264727892034,0.3538355506359515,0.5814042716459905,0.0960005761474938,0.092485549132948,0.0690513440477884,0.2258429387051599,0.3052412916959947
0.092846432303894,0.2571428571428571,0.3976608187134503,0.2447939319079347,0.2094289474363275,0.3334934525177001,0.5981583322675533,0.1225993854426733,0.0982658959537572,0.0277343194424691,0.1690724981148336,0.1989905406101392
0.0916044408766641,0.3052631578947368,0.3391812865497076,0.3897287799446773,0.1605553118468247,0.3352478018420668,0.5968793963422433,0.130041290570386,0.092485549132948,0.0623666619257574,0.1553915759991381,0.2298923586671015
0.0731714705481422,0.3443609022556391,0.3157894736842106,0.4083436265896558,0.1730188630557634,0.3216724796892296,0.5461056401074307,0.1414922220088342,0.0867052023121387,0.0675579576162707,0.2432941936873855,0.2464591666809729
0.0756554534026021,0.4601503759398496,0.2865497076023392,0.351246498843096,0.1795215854256444,0.3433512249117604,0.5385599181481008,0.1643460725945842,0.0895953757225433,0.0507751386715972,0.1496283529031563,0.2288622980652027
0.1435863259773109,0.4345864661654135,0.2456140350877193,0.4146761538595362,0.2083967692823781,0.3880871326831103,0.5019823506842307,0.1458373343575955,0.092485549132948,0.0669890484995023,0.2058063126144565,0.2501845525245069
0.1425109431561728,0.3714285714285714,0.2339181286549707,0.4357265879160069,0.1772249890331071,0.3944570915394416,0.5266658140427164,0.1087718455924716,0.0982658959537572,0.0655667757075807,0.2386082085532694,0.2254459304022387
0.1590809263438498,0.3654135338345864,0.2690058479532164,0.4353264556984048,0.1713157691017469,0.4239886384996136,0.6057040542268832,0.0635442673324371,0.1069364161849711,0.1611435073247048,0.3831735430356564,0.2862710089443595
0.1821637914060251,0.3473684210526316,0.3040935672514621,0.4272716201875403,0.1741026501174102,0.4496773250349825,0.657500959201944,0.0078500096024581,0.1098265895953757,0.168041530365524,0.2489496929871808,0.2880221119675873
0.1784075246505005,0.312781954887218,0.3450292397660818,0.3765070197108609,0.1853533919954584,0.4123138614481735,0.6161913288144263,0.0281592087574419,0.1127167630057803,0.2097141231688238,0.2425401271140794,0.3472677642534635
0.1756963482422791,0.2556390977443609,0.3625730994152046,0.3093369983124858,0.1749541970944185,0.4098703034606629,0.613633456963806,0.0358411753408872,0.1127167630057803,0.2562935571042525,0.2655391575999138,0.4084361963295506
0.1577632037320327,0.2075187969924812,0.2923976608187135,0.2635131608705486,0.1650710912703532,0.4052964641507069,0.5663128277273309,0.0314480507009795,0.1127167630057803,0.4547006115773004,0.2175482063987935,0.424058782125015
0.1547945412962149,0.2195488721804511,0.2514619883040936,0.2700892468815782,0.1864371790571052,0.4026649401641569,0.6283412201048727,0.0559103130401383,0.1098265895953757,0.3409899018631774,0.2382850371647097,0.3859808752081581
0.1338624418763158,0.2075187969924812,0.2046783625730994,0.2049198865712148,0.2242923128531984,0.3903009544495729,0.6700345312699834,0.2066929133858268,0.1156069364161849,0.3214336509742569,0.3071205429279328,0.335645247128706
0.1105826757342138,0.2210526315789473,0.1988304093567251,0.157565108470625,0.2239826594070137,0.4392347695328,0.658140427164599,0.2029479546763972,0.1127167630057803,0.3909116768596216,0.3106215663039966,0.2730518978866589
0.0963452130318222,0.1774436090225564,0.2222222222222222,0.1660896644108488,0.2897840167212861,0.3988638499613626,0.6720808287504796,0.2597224889571731,0.1127167630057803,0.3393542881524675,0.2755036087471722,0.233377397036859
0.0989049270708692,0.1443609022556391,0.2573099415204679,0.1352620866025295,0.3011121719608804,0.4009523610617991,0.6558383424990408,0.4242125984251969,0.1213872832369942,0.5387569335798607,0.2051061079392438,0.1588696801661831
0.0948002968662435,0.1458646616541353,0.2982456140350878,0.0902907047546145,0.3958919309472815,0.4276017627033688,0.6755339557488169,0.6638179373919724,0.1156069364161849,0.5334945242497511,0.3597974792631692,0.1152809490291678
0.0947851506293261,0.1428571428571428,0.3157894736842106,0.0902907047546145,0.5472092483162594,0.4248866982728012,0.6764292108965341,0.8766804301901289,0.1040462427745664,0.6486986203953917,0.4105353872670473,0.0892032481244312
0.123941656695394,0.1203007518796992,0.3099415204678363,0.0212591986917415,0.8518824349082652,0.4846390008562895,0.6779639340069061,0.9671835990013444,0.0953757225433526,0.729199260418148,0.525745987288592,0.1163110096310666
0.1361949623616012,0.1383458646616541,0.2982456140350878,0.0881334701901497,1.0,0.7586725423445626,0.6619772349405294,1.0,0.092485549132948,0.8862181766462806,0.5698588818269956,0.1020618379714673
0.1222301319237235,0.1609022556390977,0.2807017543859649,0.0914911014074215,0.930353779062266,0.814937031390322,0.6184934134799847,0.9843719992318034,0.092485549132948,1.0,0.4762469029408596,0.0778897491802434
0.1170652651348772,0.1819548872180451,0.2631578947368421,0.0825664132495954,0.8611978427476583,0.8696142519997495,0.612993989001151,0.866453812175917,0.092485549132948,0.8628217892191721,0.6466120866099321,0.0490137169736819
0.1012374475561546,0.1864661654135338,0.2339181286549707,0.0578799951288251,0.8184914716280032,0.881832041937303,0.6488041949098349,0.8849385442673325,0.0953757225433526,0.7244346465652111,0.4529247010664654,0.0369105049013716
0.0965421141117489,0.1593984962406015,0.2339181286549707,0.0105078199752961,0.6469692668954662,0.9142039639940688,0.6630003836807776,0.7912665642404457,0.0953757225433526,0.6720238941829041,0.5064095658731012,0.0434857250768253
0.1053117852869454,0.1398496240601503,0.2280701754385965,0.0650127868339102,0.6318220524862591,0.9146843215471692,0.6800102314874025,0.6770453236028423,0.0895953757225433,0.6496942113497368,0.5859097274587958,0.0211677453690191
0.1187616436696302,0.1894736842105263,0.2280701754385965,0.1396983351020336,0.5162955126054758,0.8809339821641152,0.667988233789487,0.6426925292874978,0.092485549132948,0.5997724363532925,0.5770225142734029,0.0
0.1104766520757917,0.3368421052631579,0.2865497076023392,0.0834710600024355,0.4422367300596084,0.8702825755518893,0.6554546617214477,0.6176301133090071,0.0953757225433526,0.5677712985350589,0.5333405149197457,0.0120173736888186
0.1105826757342138,0.3323308270676692,0.4152046783625731,0.2171848088933733,0.4168967563801511,0.7535348050374888,0.5944494180841539,0.5514691761090841,0.092485549132948,0.6837576447162564,0.6367553592588604,0.0812031107830177
0.1378913408963543,0.3037593984962406,0.5614035087719299,0.3280388302221603,0.4388563466054241,0.7205154445395878,0.5945773116766849,0.6361868638371424,0.1040462427745664,0.6837576447162564,0.6367553592588604,0.0901303026661402
0.2001726671008588,0.275187969924812,0.5730994152046784,0.3342147840155878,0.4572549221995717,0.7468933397381008,0.6442000255787184,0.6766132129825236,0.1213872832369942,0.6248044374911107,0.5315630722826672,0.1065597692664251
0.1964921315299213,0.2932330827067669,0.6023391812865498,0.3972095127085471,0.4979227414651769,0.8490215325494456,0.7182504156541757,0.7485116189744575,0.1329479768786127,0.5704025032001137,0.6949800710977055,0.1977888032412573
0.229132272087,0.3398496240601504,0.6315789473684211,0.5256693516118369,0.5424612288080923,0.9225580083958148,0.7512469625271774,0.7248895717303632,0.1416184971098266,0.6014080500640021,0.5912959172681246,0.2166904152860993
0.2232100934522817,0.3729323308270676,0.6257309941520467,0.6296689340825664,0.5452997187314531,0.9678786992752868,0.7694078526665814,0.7065728826579606,0.161849710982659,0.5401792063717821,0.7508348594204457,0.2545794777592747
0.2497008618208805,0.3729323308270676,0.5730994152046784,0.6193872757954803,0.5127344979743504,0.9661034648399158,0.7911497633968538,0.7548732475513733,0.2196531791907514,0.5935855497084339,0.5294085963589358,0.2952668715342753
0.2708450085576239,0.3924812030075188,0.5087719298245614,0.6773542561890017,0.4734085103088793,0.9898707211628832,0.7823251055122139,0.7099577491837912,0.222543352601156,0.5228985919499359,0.6203274803404072,0.3211213926419337
0.298971570513306,0.3669172932330827,0.4912280701754385,0.7978810389520016,0.4300054189353083,0.9364048369917088,0.8336104361171505,0.5551421163817938,0.2254335260115607,0.5298677286303514,0.5741139717763651,0.3834400590568079
0.2822652711933719,0.3413533834586466,0.4736842105263157,0.7083558045267132,0.4084070910639177,0.821808232910758,0.8323315001918404,0.5585269829076244,0.254335260115607,0.4834305219741146,0.5330712054292794,0.504180329276039
0.3013798221831785,0.4240601503759398,0.52046783625731,0.8076233885979716,0.3771320929992517,0.7914203963994069,0.8242742038623866,0.5460197810639525,0.245664739884393,0.6610012800455127,0.535279543251104,0.5211591615306701
0.2710419096375506,0.431578947368421,0.6432748538011697,0.8018997581809642,0.2959254767372849,0.7611369854430776,0.7999744212814938,0.4915018244670636,0.2832369942196532,0.4923197269236239,0.6442421630938274,0.4984119899054062
0.3028792996380049,0.3488721804511278,0.7543859649122807,0.8467319636053652,0.2971124816143266,0.794908209937136,0.7869292748433304,0.5179565968888036,0.3323699421965317,0.6572322571469207,0.5101798987396317,0.5261034524197841
0.3345046423216152,0.3458646616541353,0.824561403508772,0.8261338529253145,0.3058343870151989,0.7103026252584533,0.8035554418723622,0.6334261570962167,0.3699421965317919,0.6557388707154032,0.5791769901971346,0.5959587289052172
0.4084031322417945,0.3458646616541353,0.9473684210526316,0.8170699883439746,0.3866023275617372,0.6282867943443121,0.8870699577951144,0.7711494142500481,0.3786127167630058,0.7609870573175934,0.6044920823009803,0.6921492214458617
0.4137649001105674,0.3473684210526316,0.9883040935672516,0.7835284702771351,0.432560059866333,0.6667153985923436,0.9429594577311676,0.7918667178797774,0.3901734104046243,0.5651400938700041,0.5752450716363244,0.7365448333876976
0.4080396225557759,0.3428571428571428,1.0,0.7338250900297489,0.3926147653084922,0.704684530398279,0.9083002941552628,0.720568465527175,0.3554913294797688,0.6041814820082491,0.5777765808467089,0.7270511081735309
0.4124623237356677,0.3654135338345864,0.6900584795321638,0.7108261860440841,0.3636879725440612,0.7220609427539109,0.8164726947179947,0.7003792971000578,0.3034682080924856,0.5157161143507324,0.6998276419261015,0.859156380367045
0.4401042061099918,0.4,0.6491228070175438,0.5804352742645397,0.3258844476556654,0.7079217226039558,0.730528200537153,0.5988813136162859,0.2427745664739884,0.3531503342341059,0.7059678983087363,0.903946848872942
0.4549172258152462,0.4150375939849624,0.6198830409356726,0.6467876341747708,0.2641859985033417,0.6857208496063159,0.6889627829645734,0.5408824659112732,0.2341040462427746,0.3815246764329398,0.637832597220726,0.8800494429088911
0.3937264286687973,0.4030075187969925,0.695906432748538,0.5488944172857119,0.2282403942920547,0.6585910904116457,0.6885791021869805,0.4613501056270405,0.2485549132947977,0.5228274783103398,0.6099321340084024,0.8730965338460747
0.3769898368750284,0.4240601503759398,0.695906432748538,0.3559437031366887,0.2595411968105695,0.6477099475783714,0.6856375495587671,0.459237564816593,0.2658959537572254,0.4031432228701463,0.4720995367876762,1.0
0.28700604334853,0.4601503759398496,0.6725146198830408,0.3192011273290305,0.2520579051944366,0.6321714249911238,0.6314106663256169,0.4906856155175725,0.323699421965318,0.4771725216896599,0.7326833997630077,0.9817850950230904
0.3120427729730548,0.4300751879699248,0.6549707602339182,0.3010733981663505,0.279978324258767,0.6317328376600323,0.5686149123928891,0.4920059535241023,0.3323699421965317,0.4598207936282177,0.6421415490681892,0.8954660165839757
0.317586295684837,0.4120300751879699,0.6315789473684211,0.290391607661662,0.2606507883260651,0.6390635116225644,0.5751374856119709,0.4654071442289226,0.3063583815028902,0.7129853505902431,0.5965205213831735,0.7696612817387424
0.3079078502945943,0.4406015037593985,0.6140350877192984,0.1876098188966787,0.2919773952984285,0.6271589983500763,0.5952167796393399,0.5121471096600732,0.3092485549132948,0.5403925472905703,0.5570397500807929,0.4613813112671462
0.2909440649470639,0.4195488721804511,0.5906432748538013,0.2720203197578331,0.3089567259308957,0.6585284350786325,0.63179434710321,0.4656472056846554,0.2861271676300578,0.6831176219598918,0.6060002154475922,0.2869233806588954
0.2566832770398194,0.4466165413533834,0.5906432748538013,0.3134948939649623,0.3075890898769127,0.7059376370585411,0.7170993733213965,0.446178221624736,0.2803468208092485,0.2370217607737164,0.6479586340622643,0.1948702982025442
0.2922769337957984,0.4827067669172932,0.5906432748538013,0.5672657051895408,0.331251774056202,0.7095507612622962,0.7541885151553908,0.4806750528135203,0.2861271676300578,0.5975679135258141,0.5885489604653666,0.1905268759978712
0.303712342668464,0.5533834586466165,0.5906432748538013,0.4938849358918599,0.3162851908239362,0.6986905035400263,0.6849980815961121,0.4522037641636259,0.2832369942196532,0.6373204380600198,0.6824841107400623,0.2081409122903397
0.2623782621207761,0.5293233082706766,0.5497076023391814,0.4418155564447382,0.3261941011018502,0.6904617698043066,0.7807903824018416,0.4468503937007874,0.2485549132947977,0.6018347319015785,0.6344931595389421,0.2669058696286632
0.2583645093376551,0.4706766917293233,0.5029239766081871,0.5813747151232581,0.3359739891105205,0.6893339738100708,0.8632817495843459,0.4873727674284617,0.2341040462427746,0.667117053050775,0.6686416029300871,0.2761420796923552
0.2382351604743801,0.4406015037593985,0.4912280701754385,0.558201840608201,0.3236136557169767,0.7141454856832563,0.8993477426780918,0.4857883618206262,0.2341040462427746,0.5957189588963162,0.8036195195518688,0.2887603220656149
0.2564560834860579,0.4330827067669173,0.4912280701754385,0.4595257563368765,0.3080793745000387,0.7100102337043923,0.9326000767361556,0.4557326675628962,0.2167630057803468,0.7619115346323424,0.6995583324356349,0.4090542326906899
0.2611059782197113,0.4345864661654135,0.5029239766081871,0.3470712061376803,0.3094728150078704,0.7106785572565318,0.7850108709553651,0.4584453620126754,0.2254335260115607,0.70253164556962,0.8042120004308951,0.2843310614774502
0.2584402405222423,0.475187969924812,0.543859649122807,0.374854299681634,0.2592831522720821,0.6546855746538294,0.7942192096175981,0.4402006913769926,0.222543352601156,0.4923908405632199,0.6592696326618548,0.2799704715960789
0.2446571649273738,0.4872180451127819,0.5497076023391814,0.4527756997964545,0.2768301808892215,0.6828178191767089,0.7856503389180202,0.395333205300557,0.2138728323699422,0.7843123311051057,0.6610470752989336,0.2783910453398341
0.2966390500280205,0.4721804511278195,0.5555555555555556,0.545380212591987,0.2629473847186024,0.7099266932603747,0.8300294155262821,0.3661657384290378,0.2109826589595375,0.6675437348883515,0.6845308628676072,0.2496351868701608
0.2707086924253669,0.4616541353383459,0.5614035087719299,0.5257215427706546,0.2806492400588341,0.7169440905578414,0.9063818902672977,0.3892356443249472,0.2138728323699422,0.6291423695064712,0.5990520305935582,0.2107332314717849
0.3091346954849067,0.4270676691729323,0.5380116959064328,0.6032254136149338,0.2757980027352721,0.7026795597418602,0.8964061900498785,0.3619646629537161,0.1907514450867052,0.5891765040534773,0.4484541635247225,0.2095829971329979
0.3338230616603305,0.3699248120300752,0.543859649122807,0.6741879925540614,0.3068149562614508,0.6979595246548735,0.7782325105512213,0.4258690224697523,0.1791907514450867,0.4395534063433365,0.6797910158353978,0.2458582979965322
0.3508928706662829,0.350375939849624,0.5614035087719299,0.7165498164610915,0.3381415632338141,0.6750694429940897,0.6775802532293131,0.4564288457845208,0.1791907514450867,0.523894182904281,0.4970375956048692,0.2842795584473553
0.3505899459279342,0.3263157894736842,0.5672514619883041,0.7111741271028688,0.3123887182927773,0.6105344499906018,0.6589077887197851,0.4251248319569811,0.130057803468208,0.543094865595221,0.6270602176020683,0.3243145805078198
0.2734501613074231,0.3052631578947368,0.5672514619883041,0.6062177067204815,0.286300415451707,0.4921158705958522,0.7073794602890395,0.3965095064336471,0.1242774566473988,0.3919783814535627,0.5541312075837551,0.3236450411165856
0.3055298910985565,0.3323308270676692,0.5497076023391814,0.6688123031958386,0.2566510979795113,0.3626908377018024,0.7155646502110244,0.3453524102170156,0.1098265895953757,0.3318162423552836,0.6015296779058493,0.330203093615341
0.2852339336291898,0.3458646616541353,0.52046783625731,0.6118369548198535,0.2428457151704384,0.2530231198178818,0.7387133904591379,0.2858651814864605,0.1098265895953757,0.2762053761911534,0.492944091349779,0.3681608267953098
0.2841131120972994,0.3458646616541353,0.5146198830409356,0.5609157808667211,0.2103321033210332,0.21526283912199,0.7749072771454151,0.2491597849049357,0.1011560693641618,0.2304793059308774,0.6045459441990736,0.3749248914144448
0.2522302833860927,0.318796992481203,0.47953216374269,0.4707642525356205,0.2008102598508502,0.1204026649401641,0.6867885918915463,0.2156952179758018,0.0693641618497109,0.2211634191437917,0.4778627598836584,0.3540146611959004
0.2301167774866334,0.2947368421052631,0.4502923976608188,0.3803691654633705,0.1646840244626222,0.0,0.4885535234684743,0.1780535817169196,0.0549132947976878,0.2708718532214478,0.5405580092642465,0.3108036189462479
0.241658210017721,0.2842105263157894,0.4093567251461988,0.3727318592230476,0.1787216473563337,0.1895950376976253,0.6270622841795627,0.1859035913193777,0.0953757225433526,0.3069264684966575,0.4888505870946891,0.2327593606757198
0.2086242673007891,0.2947368421052631,0.4035087719298246,0.3626415685182929,0.1487884808918019,0.1937302896764896,0.6908811868525386,0.1279047436143652,0.0722543352601156,0.2461243066420139,0.4938058817192717,0.195350993150097
0.2010208563682353,0.2977443609022556,0.368421052631579,0.3659470085767471,0.0856965912316466,0.1934170130114242,0.7057168435861363,0.088558671019781,0.0809248554913295,0.3266249466647702,0.5029085424970375,0.2370341121735996
0.1645032791602926,0.3578947368421052,0.3508771929824561,0.3282128007515527,0.0345779681573039,0.1238904784778931,0.7218314362450441,0.0658728634530439,0.0838150289017341,0.2562224434646564,0.5957664548098675,0.267832924170372
0.1532041864198839,0.3488721804511278,0.4093567251461988,0.3093717924183642,0.0106572394395272,0.0794678473716088,0.6984269088118685,0.0320241981947378,0.0606936416184971,0.2909258995875408,0.5588171927178713,0.3013270614087795
0.0935128667282613,0.3308270676691729,0.4210526315789474,0.288216976044258,0.0043351482465873,0.0506046239635764,0.6714413607878246,0.0318801613212981,0.0606936416184971,0.1600056890911676,0.4384358504793707,0.2572748030009099
0.0754888447965103,0.3323308270676692,0.3976608187134503,0.1439084219133278,0.0094444301086367,0.0881560535494245,0.6716971479728865,0.0,0.046242774566474,0.3848670174939553,0.4423677690401809,0.2127246819687892
0.0500128743013798,0.3413533834586466,0.3742690058479532,0.0790174144499921,0.0436353314582096,0.1882375054823416,0.5985420130451464,0.0334885730747071,0.0549132947976878,0.3215047646138529,0.4845954971453194,0.1659770983192844
0.0602214379837329,0.3864661654135338,0.3157894736842106,0.0,0.0765618145691946,0.2028361980743928,0.5074817751630643,0.1055790282312272,0.0693641618497109,0.3362964016498363,0.4241624474846493,0.1358306580370478
0.0724595974130227,0.4255639097744361,0.2456140350877193,0.0953358501069918,0.0675302557221376,0.2101459869259205,0.496482926205397,0.1309055118110235,0.0664739884393063,0.2530223296828332,0.5111494129053106,0.1266631186801489
0.0722172576223437,0.4390977443609022,0.239766081871345,0.0997547015535568,0.0778778417154801,0.2539629498130783,0.50441232894232,0.1952659880929517,0.0520231213872832,0.2388707154032143,0.5214370354411288,0.1199162217377122
0.0791845266043651,0.4345864661654135,0.239766081871345,0.1245628990449017,0.110804324826465,0.2612518535536017,0.5187364113057936,0.2557134626464374,0.0635838150289017,0.2720807850945812,0.56043304966067,0.1144569005476489
0.0606000939066689,0.4045112781954887,0.2456140350877193,0.1316434995911692,0.1131267256728511,0.2612518535536017,0.5275610691904336,0.2035000960245822,0.0578034682080924,0.3118333096287867,0.5353872670472906,0.1119160843962986
0.0762915953531344,0.4045112781954887,0.2514619883040936,0.3638941563299177,0.1012566769024334,0.2977590275892318,0.5393272797032869,0.1973065104666795,0.0433526011560693,0.3128289005831318,0.6123020575245072,0.1013236278734398
0.0784423609954106,0.4842105263157895,0.2631578947368421,0.457472904090047,0.1081206616261967,0.3196675090328104,0.4934134799846527,0.2371567121183023,0.0289017341040462,0.3021618546437206,0.5284390821932565,0.15188243574997
0.0630840767611287,0.5233082706766917,0.2923976608187135,0.3528644247664445,0.1115784584419271,0.3488857793279171,0.4781941424734621,0.2171115805646245,0.0317919075144508,0.3417010382591381,0.6292146935257997,0.1888787790348332
0.0624479348105962,0.5233082706766917,0.2748538011695907,0.4510533915554705,0.1297189894975873,0.407301434807126,0.4881698426908812,0.2276982907624352,0.0317919075144508,0.2984639453847247,0.5585478832274048,0.2129478617658672
0.0594186874271087,0.4015037593984962,0.2222222222222222,0.4741740749117099,0.1374087167445101,0.4365197051022326,0.505051796904975,0.2119742654119455,0.0231213872832369,0.2692362395107382,0.5602176020682967,0.2119178011639684
0.0109810217651424,0.3744360902255639,0.1754385964912281,0.3715488596231797,0.1681418212783526,0.4511183976942838,0.5597902545082492,0.2556894565008642,0.0202312138728323,0.2845967856634903,0.5884412366691801,0.218870710226785
0.0,0.3593984962406015,0.1578947368421053,0.3580139524364572,0.1793409542487033,0.4803366679893904,0.6288527944749969,0.288697906664106,0.0144508670520231,0.2811833309628785,0.6890552623074436,0.2756442170681041
0.0003029247383487,0.3729323308270676,0.1345029239766082,0.3520467632783007,0.1679869945552602,0.4803366679893904,0.6632561708658397,0.3051901286729403,0.046242774566474,0.3882804721945668,0.7340838091134332,0.2827688028979039
0.0127228390106478,0.3819548872180451,0.1169590643274854,0.372766653328926,0.1685288880860836,0.4803366679893904,0.6528967898708274,0.3159448818897638,0.0722543352601156,0.365595221163419,0.6610470752989336,0.3331044309773557
0.0305499598624721,0.3789473684210526,0.087719298245614,0.4023938344844383,0.1708512889324697,0.4803366679893904,0.6301317304003069,0.3174092567697331,0.046242774566474,0.4288863604039254,0.6856619627275665,0.3461862006214699
0.0444542053526801,0.3578947368421052,0.1345029239766082,0.5336372018580053,0.1543106340154311,0.4803366679893904,0.6099245427804066,0.2909304782024198,0.0433526011560693,0.4121746550988479,0.5835398039426908,0.3906161479167024
0.0196598155188343,0.3443609022556391,0.2105263157894736,0.5386475531045042,0.1311640389131164,0.4803366679893904,0.6048087990791661,0.2493518340695218,0.0722543352601156,0.4183615417437064,0.6779058494021329,0.3982729317241498
0.0303076200717931,0.3263157894736842,0.2573099415204679,0.6086185000260955,0.1486078497148608,0.4657170902863349,0.6306433047704311,0.272685807566737,0.0549132947976878,0.4147347461243065,0.7205106107939242,0.4041614448316709
0.0404707450433939,0.2571428571428571,0.2748538011695907,0.6679598476018161,0.1571749283926405,0.4657170902863349,0.6404911113953191,0.2875936239677358,0.0606936416184971,0.4502915659223437,0.6026607777658083,0.4575185840100259
0.065552913378671,0.2135338345864661,0.2982456140350878,0.6963170438927646,0.1450726395375842,0.4606420083122741,0.6477810461695868,0.2611628576915691,0.0578034682080924,0.4388422699473758,0.6677259506625014,0.4612439698535596
0.0710207049058661,0.1699248120300752,0.2865497076023392,0.6034341782502045,0.1571491239387918,0.4511183976942838,0.594321524491623,0.275470520453236,0.0520231213872832,0.4414734746124306,0.6273833889906281,0.4722999536472729
0.083713251442679,0.1533834586466165,0.2748538011695907,0.5731633061359405,0.1491239387918354,0.4486957248177775,0.6257833482542524,0.2606587286345304,0.046242774566474,0.3906272223012373,0.5563934073036734,0.5067211454273892
0.0648713327173863,0.1383458646616541,0.3040935672514621,0.5215984412240566,0.1491497432456842,0.4000125310666026,0.6780918275994372,0.2607307470712503,0.0491329479768786,0.4537761342625515,0.2788969083270494,0.5678037391199849
0.0547990851672901,0.0601503759398496,0.3157894736842106,0.4843861449870391,0.155575052254019,0.274827175706439,0.7270750735388156,0.2971000576147494,0.0491329479768786,0.5137960460816383,0.4757621458580199,0.5256227574722312
0.0496493646153613,0.0421052631578947,0.3040935672514621,0.4713035611767366,0.1449178128144918,0.2612518535536017,0.7266913927612226,0.2802717495678894,0.0491329479768786,0.4000853363675153,0.4478616826456962,0.5293653109924634
0.0311558093391697,0.0827067669172932,0.3450292397660818,0.4280718846227448,0.1414858204526101,0.2360226394603287,0.7141578206931833,0.2754465143076628,0.0404624277456647,0.4911107950504906,0.5530539696218895,0.5289876221051005
0.0602668766944852,0.069172932330827,0.368421052631579,0.4713209582296758,0.1209712796428663,0.2320544683694994,0.7246450952807264,0.2435423468407912,0.0375722543352601,0.4166548143934006,0.1338468167618226,0.531545605933149
0.094815443103161,0.0345864661654135,0.3450292397660818,0.519597780136045,0.0995793874022656,0.2174348906664439,0.7255403504284434,0.2202563856347225,0.0346820809248554,0.4231972692362395,0.4775395884950986,0.5216226888015245
0.1164139769474273,0.0165413533834586,0.2982456140350878,0.5494163288738887,0.1036048822026682,0.1845826110565777,0.7149251822483693,0.2502880737468792,0.0317919075144508,0.3623951073815957,0.5541312075837551,0.4398015416573674
0.1034033594353483,0.0,0.2222222222222222,0.4710426053826482,0.0848192398007896,0.1809277166308139,0.8272157564905998,0.205996735164202,0.0231213872832369,0.2887213767600625,0.4123128299041258,0.3995261721231266
0.1218211835269526,0.0015037593984962,0.1812865497076023,0.5969972686626885,0.0754522230536991,0.1809277166308139,0.9301700984780662,0.1839110812367966,0.0260115606936416,0.2779832171810553,0.5512226650867175,0.3389242733780837
0.1190494221710615,0.0105263157894736,0.1637426900584796,0.5206937944712166,0.0819807498774288,0.1809277166308139,0.9425757769535746,0.1796139811791818,0.0346820809248554,0.2743564215616556,0.4774857265970051,0.2793524352349397
0.1209124093119064,0.0210526315789473,0.1345029239766082,0.4633531079835075,0.0812066162619668,0.1322445228796391,0.8816984269088118,0.1778135202611868,0.0375722543352601,0.2651116484141658,0.6371862544436065,0.2060636234098438
0.1229420050588431,0.0616541353383458,0.1052631578947368,0.3711139332996989,0.0671173844605578,0.1414339717215596,0.7584090037089142,0.1388755521413482,0.0317919075144508,0.2513156023325273,0.5519767316600237,0.1384916479252863
0.1542644230041046,0.0796992481203007,0.0818713450292397,0.348706529113968,0.0663432508450958,0.1298009648921283,0.6183655198874536,0.1624975993854427,0.0289017341040462,0.2693784667899302,0.5669503393299579,0.0502669573726587
0.1415264377565393,0.0421052631578947,0.0526315789473684,0.1856613489674849,0.059427657213635,0.159019235187235,0.5687428059854202,0.1838870750912234,0.0260115606936416,0.2917081496230977,0.516966497899386,0.0631770502497897
0.126016691153083,0.0195488721804511,0.0,0.0426401767540578,0.0422160864965292,0.1488690712391136,0.5408620028136589,0.1650902631073554,0.0144508670520231,0.1818375764471624,0.4705914036410643,0.097100379405655
0.1345288763006831,0.0300751879699248,0.0116959064327485,0.0845844713905463,0.023791706448533,0.1098974541049686,0.5664407213198618,0.156952179758018,0.0057803468208092,0.2326127151187597,0.5502531509210385,0.1002935672715411
0.1954470411826181,0.0451127819548872,0.0760233918128655,0.1460830535307318,0.0125151601166361,0.1158914809632213,0.5211663895638828,0.1226233915882465,0.0,0.1561655525529796,0.4310567704405904,0.1114697248021425
0.2984111597473607,0.0586466165413533,0.0818713450292397,0.3167655399175378,0.0,0.1202773542741379,0.5085049239033124,0.0818609564048397,0.0231213872832369,0.1807708718532215,0.3552730798233329,0.0960874864804546
0.4078275752389318,0.075187969924812,0.0701754385964912,0.3558045267131748,0.0033545790003354,0.1444205425951838,0.5582555313978769,0.0761955060495487,0.0375722543352601,0.1484852794766035,0.4554023483787568,0.0702501330494944
0.4272299047301697,0.075187969924812,0.064327485380117,0.3307179763748021,0.0271720899027172,0.1437104488210355,0.6613377669778744,0.0917995006721721,0.0520231213872832,0.177570758071398,0.2937089303027038,0.0776150663530704
0.4210350938309377,0.0932330827067669,0.0526315789473684,0.3428785163793252,0.0275075478027507,0.1497253607902926,0.7046936948458882,0.0926397157672363,0.0520231213872832,0.2214478737021761,0.3299041258213939,0.0638294219643255
0.413022734501613,0.1218045112781954,0.0350877192982456,0.3507593813607975,0.0519959745051996,0.1488690712391136,0.7104489065097839,0.1346744766660265,0.0606936416184971,0.1553121888778267,0.3617365075945276,0.1087915672372057
0.4570376989836875,0.1609022556390977,0.0818713450292397,0.3230110819227222,0.0781100818001187,0.1809277166308139,0.7467706867885919,0.1663385826771654,0.1011560693641618,0.0991324135969278,0.3932457179791014,0.1325516317876701
0.4431637459673143,0.1609022556390977,0.1228070175438597,0.2638263078234547,0.1175134828271359,0.1964871243290658,0.7136462463230592,0.2321634338390628,0.0982658959537572,0.2152609870573176,0.5407195949585262,0.1906127143813627
0.436060160853036,0.162406015037594,0.1578947368421053,0.2753083627633479,0.125564472427941,0.2493055700591049,0.729505051796905,0.2340599193393509,0.1069364161849711,0.189873417721519,0.5057632230959818,0.1706123710278287
0.5108068400405918,0.1323308270676691,0.152046783625731,0.3913293088150866,0.1255902768817897,0.3162005806060859,0.730911881314746,0.2213366621855195,0.1156069364161849,0.2117764187171099,0.6585155660885488,0.1533760236227231
0.6319767353800948,0.1383458646616541,0.1578947368421053,0.5753379377533445,0.1202487549351017,0.3171404106012824,0.7304003069446221,0.1933214903015171,0.0982658959537572,0.2008960318589105,0.603738015727674,0.1368778863156449
0.6735834481922964,0.162406015037594,0.1929824561403508,0.6104973817435326,0.1295125538667974,0.315511371942942,0.6729760838981966,0.2132225849817553,0.1011560693641618,0.265253875693358,0.5226758590972747,0.1091177530944737
0.6698423276736895,0.1789473684210526,0.2339181286549707,0.6013987230563143,0.1262869971357056,0.3170150999352561,0.5375367694078527,0.2063088150566545,0.1040462427745664,0.2015360546152751,0.5580631261445653,0.0975982420299061
0.7250806537115853,0.193984962406015,0.2514619883040936,0.666585480419617,0.1406342734756019,0.2904701238487083,0.5270494948203094,0.2067889379681198,0.1213872832369942,0.1693215758782534,0.5819778088979856,0.0857010420779756
0.7388334368326188,0.1909774436090225,0.2748538011695907,0.6280684052121571,0.1381312414522746,0.2849982247655647,0.5415014707763142,0.2015555982331476,0.1445086705202312,0.2214478737021761,0.4876656253366369,0.1369637246991364
0.6580888478257577,0.1639097744360902,0.3099415204678363,0.5501470050973366,0.1313446700900575,0.2835153818842547,0.5310141961887709,0.207797196082197,0.1647398843930636,0.1873133266960603,0.379349348271033,0.2026815911002764
0.664359389909577,0.1368421052631579,0.3040935672514621,0.5614028983490196,0.1205584083812866,0.2854785823186649,0.5036449673871338,0.1972104858843863,0.1473988439306358,0.2317593514436068,0.5922654314338035,0.2663565039743171
0.5845235751177619,0.1413533834586466,0.2690058479532164,0.4538195229728085,0.1305705364745955,0.2954407802677472,0.4471159994884255,0.2187920107547532,0.1473988439306358,0.1887355994879817,0.4747926316923406,0.3110611340967227
0.6561198370264907,0.1458646616541353,0.2748538011695907,0.4864563942868078,0.1265966505818904,0.2904701238487083,0.4180841539838854,0.210221816785097,0.1560693641618497,0.1952069406912246,0.5567165786922331,0.2930350735634947
0.6631931296669342,0.1458646616541353,0.2982456140350878,0.4541848610845322,0.1248677521740252,0.2904701238487083,0.450824913671825,0.2064768580756673,0.1473988439306358,0.1615701891622812,0.5928579123128298,0.2560902333087262
0.6155127758508399,0.1398496240601503,0.2982456140350878,0.4408413214801412,0.1243258586432018,0.3050688164407595,0.5106791149763396,0.2053245630881505,0.161849710982659,0.2213056464229839,0.5605946353549498,0.2237806657625023
0.6061372551989457,0.1387218045112782,0.3450292397660818,0.4471912458029609,0.1391118106985265,0.2758505461456529,0.5443151298119965,0.2372287305550221,0.1791907514450867,0.1063148911961315,0.5698588818269956,0.2375148071211523
0.5386607697317601,0.1729323308270676,0.456140350877193,0.4295680311755188,0.163832477485614,0.2758505461456529,0.5360020462974805,0.2905703860188209,0.2341040462427746,0.2344616697482576,0.5326403102445328,0.2752665281807414
0.5190161004498431,0.2300751879699248,0.5146198830409356,0.3984794975731111,0.1656129848011767,0.2758505461456529,0.5391993861107558,0.2944113693105435,0.2283236994219653,0.1781396671881667,0.5189055262307442,0.3016017442359525
0.516971358465989,0.3278195488721804,0.4678362573099416,0.4241053565525999,0.1629809305086058,0.2612518535536017,0.5453382785522446,0.3072546571922412,0.222543352601156,0.1418717109941687,0.4453840353334051,0.3284863259455098
0.5549884131287581,0.3097744360902256,0.4970760233918128,0.5425966841217098,0.1697416974169741,0.2612518535536017,0.5608134032484972,0.3221144613020933,0.2167630057803468,0.2926326269378466,0.4766777981256059,0.3464780511253413
0.5525953076958028,0.350375939849624,0.4736842105263157,0.5289573946173518,0.1695868706938817,0.2904701238487083,0.5237242614145032,0.321730362972921,0.2283236994219653,0.3798890627222301,0.6273833889906281,0.3853971742004154
0.5158808294079337,0.4030075187969925,0.4502923976608188,0.5067413580139525,0.1597811782313627,0.2904701238487083,0.4948203095024939,0.3002208565392741,0.2427745664739884,0.2848812402218745,0.6487127006355703,0.4193033356795825
0.4658073701588839,0.4781954887218045,0.4152046783625731,0.5021659330909344,0.1669032074936134,0.2904701238487083,0.4485228290062667,0.3158488573074707,0.254335260115607,0.4082634049210637,0.6045998060971668,0.4461364143590448
0.4331823758387229,0.475187969924812,0.4210526315789474,0.4513839355613158,0.1423115629757696,0.3634844719199682,0.4393144903440337,0.2619310543499136,0.2485549132947977,0.4160859052766321,0.8463858666379401,0.4648491819602053
0.474834527361677,0.4345864661654135,0.3508771929824561,0.5056975348375985,0.1686063014476299,0.3707942607714959,0.4669395063307327,0.2916986748607644,0.254335260115607,0.3986630635755937,0.8408919530324248,0.5111847413689505
0.4634142647259287,0.3954887218045113,0.2573099415204679,0.5222073380769298,0.1733285165019482,0.3781040496230237,0.4996802660186724,0.2927309391204148,0.2283236994219653,0.4377044517138387,0.8637293978239793,0.5051245514944462
0.4269421262287384,0.3879699248120301,0.2163742690058479,0.5164837076599225,0.1686837148091761,0.3781040496230237,0.5151553907149252,0.2828644132898021,0.2138728323699422,0.4640164983643862,0.9066573306043304,0.478188466754794
0.3844720779122427,0.4,0.2456140350877193,0.4977818757502479,0.1702835909477976,0.3781040496230237,0.5065865200153472,0.2862972921067793,0.2167630057803468,0.4347176788508034,0.839060648497253,0.4282476952394033
0.3964830437877709,0.3984962406015037,0.1988304093567251,0.5245037490649085,0.1669032074936134,0.3927027422150748,0.4940529479473078,0.2971720760514693,0.2254335260115607,0.3717109941686815,0.8755790154045028,0.4021184913045718
0.4404071308483407,0.4015037593984962,0.152046783625731,0.5542005184321775,0.1776636647485356,0.407301434807126,0.4848446092850748,0.3394709045515653,0.2138728323699422,0.3671597212345326,0.7596682107077454,0.4267541073666501
0.4547051784984019,0.4015037593984962,0.1461988304093568,0.5227640437709853,0.1472660181147266,0.407301434807126,0.4796009719913032,0.4205156520069139,0.199421965317919,0.3808135400369791,0.5678659915975438,0.4764716990849628
0.4693061508868122,0.3721804511278195,0.1812865497076023,0.5450496685861415,0.1500528991303899,0.4657170902863349,0.4764036321780279,0.4275014403687345,0.199421965317919,0.4619542028161,0.7651082624151675,0.4768837233257222
0.4577798645926419,0.3879699248120301,0.1988304093567251,0.5518171221795027,0.1489949165225918,0.4657170902863349,0.4785778232510551,0.4311983867870175,0.222543352601156,0.4247617693073531,0.6970268232252504,0.5046438565468936
0.4514941762719051,0.4390977443609022,0.2456140350877193,0.5412397139924497,0.1557814878848089,0.4876255717299138,0.4762757385854968,0.4375360092183599,0.2398843930635838,0.4253306784241216,0.929548637293978,0.5271678483750795
0.449237386971207,0.4180451127819549,0.2573099415204679,0.5422835371688035,0.1570717105772456,0.4803366679893904,0.460544826704182,0.4138419435375456,0.2369942196531792,0.4582562935571041,0.7480340407195948,0.4990128585898469
0.4489344622328582,0.3973684210526316,0.239766081871345,0.5213200883770289,0.1786700384486362,0.5095340531734928,0.4592658907788719,0.4414009986556559,0.2514450867052023,0.3698620395391837,0.794893892060756,0.4589778365293825
0.4638232131226997,0.3774436090225564,0.2163742690058479,0.4647274751657069,0.1802183056795603,0.5095340531734928,0.4733341859572834,0.4216679469944305,0.2803468208092485,0.4243350874697767,0.7561133254335881,0.4206595821387491
0.4793481059630735,0.3654135338345864,0.2280701754385965,0.477705676658374,0.1864371790571052,0.5095340531734928,0.4817751630643305,0.38580276550797,0.3468208092485549,0.4500782250035555,0.5987288592049984,0.3890195539837594
0.4313345349347954,0.2842105263157894,0.2163742690058479,0.4373097197334772,0.2029778339741439,0.5241536308765482,0.4812635886942064,0.4202035721144614,0.3208092485549133,0.4620253164556961,0.7933857589141441,0.384933646929561
0.4100995107765475,0.2466165413533834,0.2280701754385965,0.4000104382317634,0.2155187985446288,0.5387523234685994,0.4743573346975317,0.4273093912041483,0.3497109826589595,0.4671454985066134,0.7763653991166647,0.3766416590842761
0.3843206155430683,0.3037593984962406,0.2690058479532164,0.3568135557836503,0.2012489355662787,0.5387523234685994,0.4698810589589461,0.3869550604954869,0.3497109826589595,0.4441757929170814,0.7793816654098888,0.3768133358512592
0.3550580858185783,0.3033834586466165,0.2514619883040936,0.306570866895148,0.1862823523340128,0.5679497086527014,0.477170993733214,0.3913721912809679,0.3208092485549133,0.4401223154601053,0.7872455025315093,0.3782382530172192
0.3523620556472744,0.2857142857142857,0.2514619883040936,0.2883909465736504,0.1993136015276237,0.5679497086527014,0.4772988873257449,0.409280775878625,0.3439306358381502,0.4792348172379462,0.7132392545513304,0.3877148105546877
0.3779137573269921,0.2864661654135338,0.2748538011695907,0.3856926636627754,0.2263566691610972,0.6263862492429147,0.4733341859572834,0.4427933550989055,0.4017341040462427,0.4743279761058171,0.6560917806743509,0.4030627135229789
0.4145070657195219,0.3165413533834586,0.2923976608187135,0.5084462692019972,0.2303305550538023,0.6263862492429147,0.4797288655838341,0.4679517956596888,0.453757225433526,0.4583985208362963,0.7410858558655604,0.4132431458050782
0.4265483240688851,0.3052631578947368,0.2631578947368421,0.4893443050747203,0.2370913219621706,0.6263862492429147,0.4894487786161913,0.4843960053773766,0.4566473988439306,0.5272365239652965,0.7047290746525905,0.4391491699428315
0.4064795601532799,0.2857142857142857,0.2456140350877193,0.487517614516101,0.2480066059401852,0.6409849418349659,0.4987850108709554,0.5048492414057998,0.4768786127167631,0.6102972550135114,0.6581385328018958,0.4766948788820408
0.4163851990972842,0.312781954887218,0.2222222222222222,0.5476244324211479,0.2861455887286145,0.72373175163426,0.5173295817879525,0.579460341847513,0.5664739884393064,0.52481866021903,0.7578907680706666,0.5218802039519992
0.4067370461808763,0.3082706766917293,0.2339181286549707,0.5167272664010717,0.2714112455809873,0.70153087863662,0.522573219081724,0.6623775686575764,0.638728323699422,0.4717678850803583,0.877464181837768,0.537914813988223
0.4177029217091013,0.3033834586466165,0.2339181286549707,0.4999565073676519,0.2653730033803835,0.7022618575217728,0.5141322419746771,0.7205924716727482,0.5751445086705202,0.5260987057317593,0.9210384573952384,0.5918899895277172
0.4349999242688153,0.3338345864661654,0.2923976608187135,0.5220681616534159,0.2754625448352386,0.743363755978363,0.5163064330477042,0.728202419819474,0.4884393063583815,0.4071967003271228,0.97969406441883,0.6102079005648167
0.4161277130696878,0.3473684210526316,0.2807017543859649,0.5000608896852873,0.2920806131138234,0.7378500866732107,0.5271773884128406,0.7339398886114846,0.3815028901734104,0.5270231830465083,0.9064418830119574,0.6163710964995107
0.4204140981173226,0.343609022556391,0.2573099415204679,0.4754092656703954,0.289113100921219,0.7282638207222073,0.5255147717099374,0.7125504129057041,0.384393063583815,0.4468781112217322,1.0,0.6321825267386565
0.5951410871968859,0.3789473684210526,0.2631578947368421,0.6486839129451472,0.3167238665393647,0.7594244063407198,0.5498145542908299,0.7294987516804303,0.3265895953757226,0.4308775423126155,0.8781105246148875,0.6584147367336778
0.6014873604652924,0.4571428571428571,0.2865497076023392,0.6492928097980203,0.3488246071271901,0.8036799565589691,0.5770558894999359,0.7323314768580756,0.3583815028901734,0.368368653107666,0.969998922762038,0.5801472986660714
0.7094800296866243,0.4537593984962406,0.2807017543859649,0.8284302639132931,0.3328516501948236,0.7998579812451705,0.6048087990791661,0.6883762243134244,0.4595375722543353,0.3442611292845967,0.9055800926424644,0.5723016704149427
0.696529997122215,0.4827067669172932,0.2690058479532164,0.7970459804109185,0.3335999793564369,0.7977903552557383,0.6280854329198108,0.6900086422124063,0.5173410404624277,0.3254871284312331,0.9841646019605732,0.5940702844684028
0.7234751525983368,0.4917293233082707,0.2748538011695907,0.8638506636975697,0.3519211415890383,0.7896242768530316,0.6274459649571557,0.7406616093719993,0.5028901734104047,0.2269947375906699,0.8436389098351824,0.6021390925166097
0.7504354543113761,0.5571428571428572,0.2573099415204679,0.9096918981924462,0.3425799292957965,0.825880829556609,0.630259623992838,0.7199443057422701,0.5289017341040462,0.3106954913952495,0.898362598297964,0.6171436419509349
0.8196537570240673,0.6165413533834586,0.2339181286549707,0.994432943059446,0.3320259076716641,0.8204507006954743,0.6167029031845505,0.7342279623583639,0.5433526011560694,0.2799743990897453,0.944252935473446,0.6264828580748166
0.818638959150599,0.7082706766917293,0.3040935672514621,0.9920843409126496,0.3216009083167755,0.8222259351308452,0.5713006778360404,0.7379489149222201,0.5028901734104047,0.2080073958185179,0.8220402886997737,0.6478222802108191
0.7793496205867652,0.6477443609022556,0.3976608187134503,0.9026808858579356,0.3348643975950249,0.8626386249242914,0.4998081596112034,0.7450787401574804,0.4595375722543353,0.1917934859906129,0.6575999138209628,0.6216759085992892
0.7357133120276267,0.6210526315789474,0.3801169590643275,0.8640072371740227,0.3551983072278276,0.8424427225830706,0.4923903312444047,0.7479594776262726,0.4682080924855491,0.2170388280472194,0.3335128729936443,0.6655564902401757
0.7848022658770428,0.6492481203007519,0.3976608187134503,0.9144064995389782,0.3655975021288674,0.8484576345523277,0.5074817751630643,0.750168043019013,0.4826589595375723,0.2981083771867444,0.6973499946138102,0.6998746759601022
0.7126001544916165,0.8992481203007519,0.5263157894736842,0.9120231032863034,0.3604108069052718,0.9732879430254172,0.5161785394551733,0.7537929710005763,0.7052023121387284,0.193642440620111,0.6900786383712161,0.7860049099555357
0.6198748920830619,0.8146616541353383,0.4678362573099416,0.8338755414832727,0.3901375377390138,0.9928572920365072,0.5068423072004092,0.7527607067409259,0.676300578034682,0.1835443037974683,0.6766131638478939,0.7591203282459784
0.398633809430047,0.606015037593985,0.3216374269005849,0.5522520485029836,0.4416948365287849,0.9363421816586958,0.5059470520526922,0.7408296523910123,0.4132947976878612,0.3535059024320864,0.7421092319293332,0.6849559649092688
0.3088166245096406,0.4466165413533834,0.2280701754385965,0.3978706007202379,0.4714215673625269,0.9585430546563356,0.4212814937971607,0.7471672748223547,0.3352601156069364,0.3401365381880245,0.7877302596143487,0.5764905835293309
0.3494842706329612,0.4706766917293233,0.2339181286549707,0.4330474417633652,0.4989033107114288,0.9031348551617552,0.0896534083642409,0.7461590167082776,0.2052023121387283,0.2897169677144076,0.6916406334159216,0.4228913801095298
0.3294306529542735,0.4462406015037594,0.2631578947368421,0.3618239070301491,0.5067220602275953,0.8460140765648171,0.1211152321268704,0.5748271557518727,0.2890173410404624,0.1843265538330252,0.732198642680168,0.3842984428917235
0.3069081986580434,0.3969924812030075,0.2339181286549707,0.2936448565612984,0.4881428534565066,0.8213696455796663,0.0792940273692287,0.5706500864221242,0.2803468208092485,0.3498791068126867,0.7114079500161584,0.2846915826881149
0.3231904033442891,0.3518796992481203,0.1871345029239765,0.3473843530905864,0.4007173638169948,0.8406048328146866,0.0,0.5654407528327252,0.2716763005780346,0.1972692362395107,0.6672411935796616,0.2638671908530619
0.4082062311618678,0.4766917293233083,0.2514619883040936,0.4686592091299734,0.3866797409232834,0.8402289008166078,0.0051157437012405,0.5580708661417324,0.3265895953757226,0.1671881666903713,0.5275234299256705,0.2657384676131778
0.5334807567059963,0.5665413533834587,0.3216374269005849,0.598232459421374,0.4071426728253297,0.9232263319479544,0.0240439953958306,0.553725753792971,0.3468208092485549,0.0903854359266107,0.5304319724227082,0.2770519665573658
0.5483846538327551,0.4481203007518797,0.3099415204678363,0.5641168386075399,0.3766676128299744,0.844865395459577,0.1124184678347615,0.5482523526022662,0.3410404624277456,0.1022614137391551,0.5818162232037055,0.3119366856083367
0.5486118473865167,0.4,0.3567251461988304,0.6021989874915189,0.3822671793151498,0.7245253858524259,0.25220616447116,0.5441713078548108,0.3641618497109826,0.0942255724647987,0.4857265970052784,0.3642980995381896
0.6185723157081623,0.4665413533834586,0.3508771929824561,0.7047546145682922,0.3698810414677573,0.7441365050855245,0.3742166517457476,0.544363357019397,0.453757225433526,0.0514151614279618,0.563772487342454,0.4209857679960171
0.6722202868697271,0.4270676691729323,0.3450292397660818,0.7830587498477759,0.3807705209919231,0.7746287671518974,0.3419874664279319,0.5412185519492992,0.4855491329479768,0.0912387996017636,0.5059248087902617,0.4697419698192244
0.7520106629507899,0.4330827067669173,0.3801169590643275,0.9174857779092224,0.3698810414677573,0.8181324533739898,0.3197339813275355,0.5379057038601884,0.5375722543352601,0.0540463660930166,0.4004632123236024,0.5314082645195625
0.7720188419187252,0.4669172932330827,0.4444444444444445,0.9333170960839235,0.357881970428096,0.8514650905369562,0.422560429722471,0.5362012675244864,0.5924855491329479,0.0283032285592376,0.466659485080254,0.5802503047262614
0.8077639610438786,0.4917293233082707,0.5029239766081871,0.9613785424749048,0.3394575903800996,0.7990434619160003,0.4460928507481774,0.5328644132898023,0.6676300578034681,0.0659934575451571,0.5548852741570611,0.5963535854692784
0.8647441043272798,0.5353383458646617,0.5497076023391814,0.9662845114037684,0.3083116145846773,0.7677993358534702,0.4992965852410793,0.5328644132898023,0.7630057803468208,0.1437206656236666,0.5170742216955725,0.6738999811155556
0.863744452690729,0.6706766917293233,0.6549707602339182,1.0,0.2909710215983279,0.8496898561015853,0.5567208082875048,0.5507249855963127,1.0,0.1484852794766035,0.5242378541419798,0.8009407886830674
0.7837874680035746,0.664360902255639,0.6842105263157895,0.8740453367199597,0.3106340154310634,0.8836490465946828,0.5577439570277529,0.5558382946034185,0.9190751445086704,0.1742284170103825,0.5099644511472584,0.8499716733334478
0.7811217303061053,0.7052631578947368,0.7192982456140351,0.8734190428141473,0.3291616132944546,0.8932979678786994,0.576544315129812,0.5575427309391204,0.8901734104046243,0.170886075949367,0.5300549391360552,0.8806159762399355
0.8060069975614558,0.762406015037594,0.608187134502924,0.8713835876202572,0.3654684798596239,0.9561412668908336,0.577439570277529,0.5627520645285192,0.8034682080924856,0.1917934859906129,0.5147042981794678,0.9102817215746192
0.8199263892885811,0.8872180451127819,0.6842105263157895,0.9013761068874934,0.4164580806647228,1.0,0.5569765954725668,0.5679133858267719,0.8179190751445087,0.1594367799743991,0.5510072174943444,0.916805438719978
0.822895051724399,1.0,0.8713450292397662,0.9929541935596112,0.4583645137150673,0.96612434995092,0.5533955748816984,0.576387555214135,0.8786127167630058,0.1249466647703028,0.5116880318862436,0.8971656165771087
1.0,0.8751879699248121,0.3859649122807018,0.9560724413284388,0.3050086444920393,0.8632651782544226,1.0,0.3025254465143077,0.338150289017341,0.3552126297823923,0.6915867715178281,0.8429329258871396
0.97623555427654,0.9203007518796992,0.4210526315789474,0.921069570814704,0.303486181714964,0.8810175226081328,0.990791661337767,0.2999087766468216,0.384393063583815,0.4278907694495804,0.6417645157815359,0.8429329258871396
0.9504112203323084,0.8105263157894737,0.4152046783625731,0.8906943163828048,0.2942739916909658,0.8420876756959965,0.9708402609029289,0.2842087574419051,0.361271676300578,0.2929170814962309,0.6036841538295807,0.8429329258871396
0.9622707238386622,0.8,0.4444444444444445,0.990396826777544,0.2987639666606456,0.8372005597209751,0.9175086328174958,0.2918667178797772,0.3497109826589595,0.3527947660361257,0.6371323925455133,0.8429329258871396
0.9908062341911152,0.7774436090225564,0.4093567251461988,0.9555679267932012,0.2954609965680076,0.8842129445918007,0.5909962910858165,0.2862252736700596,0.2485549132947977,0.3807424263973828,0.673650759452763,0.8429329258871396
0.962301016312497,0.8330827067669173,0.4093567251461988,0.9369878742541012,0.2962351301834697,0.8822706292683945,0.5903568231231615,0.2875696178221625,0.2427745664739884,0.2845967856634903,0.7649466767208875,0.8429329258871396
